ImageID,ImageURL,accuracy,label
776b6da9-545c-4d52-ae93-7f5b106a2b8d,s3://dic-2024s/776b6da9-545c-4d52-ae93-7f5b106a2b8d,0.5392357,car
0b694738-ef9d-4a77-a1cf-4a979cfac203,s3://dic-2024s/0b694738-ef9d-4a77-a1cf-4a979cfac203,,
a11e86bf-f1bd-4706-a193-2e3215d76c6c,s3://dic-2024s/a11e86bf-f1bd-4706-a193-2e3215d76c6c,0.80482584,cow
759636cd-31bc-48fa-84e0-0bfd9e17cf38,s3://dic-2024s/759636cd-31bc-48fa-84e0-0bfd9e17cf38,0.5154353,zebra
759636cd-31bc-48fa-84e0-0bfd9e17cf38,s3://dic-2024s/759636cd-31bc-48fa-84e0-0bfd9e17cf38,0.85723186,zebra
759636cd-31bc-48fa-84e0-0bfd9e17cf38,s3://dic-2024s/759636cd-31bc-48fa-84e0-0bfd9e17cf38,0.7059577,zebra
293d7e19-64f5-46bb-8491-14789ec0d950,s3://dic-2024s/293d7e19-64f5-46bb-8491-14789ec0d950,0.88419265,elephant
293d7e19-64f5-46bb-8491-14789ec0d950,s3://dic-2024s/293d7e19-64f5-46bb-8491-14789ec0d950,0.9559026,elephant
57c7e68f-a9ae-4952-b5ae-8c788133bf56,s3://dic-2024s/57c7e68f-a9ae-4952-b5ae-8c788133bf56,0.60608995,tennis racket
57c7e68f-a9ae-4952-b5ae-8c788133bf56,s3://dic-2024s/57c7e68f-a9ae-4952-b5ae-8c788133bf56,0.9681402,sports ball
5207d148-14e6-4089-9995-a05e2fad612c,s3://dic-2024s/5207d148-14e6-4089-9995-a05e2fad612c,0.58496296,refrigerator
5207d148-14e6-4089-9995-a05e2fad612c,s3://dic-2024s/5207d148-14e6-4089-9995-a05e2fad612c,0.7101946,sink
5207d148-14e6-4089-9995-a05e2fad612c,s3://dic-2024s/5207d148-14e6-4089-9995-a05e2fad612c,0.656889,oven
5207d148-14e6-4089-9995-a05e2fad612c,s3://dic-2024s/5207d148-14e6-4089-9995-a05e2fad612c,0.76474065,oven
5207d148-14e6-4089-9995-a05e2fad612c,s3://dic-2024s/5207d148-14e6-4089-9995-a05e2fad612c,0.55648977,microwave
5207d148-14e6-4089-9995-a05e2fad612c,s3://dic-2024s/5207d148-14e6-4089-9995-a05e2fad612c,0.63749975,microwave
5207d148-14e6-4089-9995-a05e2fad612c,s3://dic-2024s/5207d148-14e6-4089-9995-a05e2fad612c,0.6911782,oven
cc120944-cc2f-4d80-a4e4-e7ffb1ca64de,s3://dic-2024s/cc120944-cc2f-4d80-a4e4-e7ffb1ca64de,,
b8ff2162-7b43-4794-8693-00ca99e02672,s3://dic-2024s/b8ff2162-7b43-4794-8693-00ca99e02672,0.6127992,kite
b8ff2162-7b43-4794-8693-00ca99e02672,s3://dic-2024s/b8ff2162-7b43-4794-8693-00ca99e02672,0.6215582,kite
9c54e40b-365a-4dee-bb85-3502c58ab5eb,s3://dic-2024s/9c54e40b-365a-4dee-bb85-3502c58ab5eb,,
deac2d59-8341-44ca-ba69-5ff2c16fe7b3,s3://dic-2024s/deac2d59-8341-44ca-ba69-5ff2c16fe7b3,0.7389258,fire hydrant
deac2d59-8341-44ca-ba69-5ff2c16fe7b3,s3://dic-2024s/deac2d59-8341-44ca-ba69-5ff2c16fe7b3,0.952557,fire hydrant
deac2d59-8341-44ca-ba69-5ff2c16fe7b3,s3://dic-2024s/deac2d59-8341-44ca-ba69-5ff2c16fe7b3,0.78761816,fire hydrant
deac2d59-8341-44ca-ba69-5ff2c16fe7b3,s3://dic-2024s/deac2d59-8341-44ca-ba69-5ff2c16fe7b3,0.9159075,fire hydrant
1e261ce5-9e33-4a18-95a7-9207ee5fb899,s3://dic-2024s/1e261ce5-9e33-4a18-95a7-9207ee5fb899,0.69456315,person
1e261ce5-9e33-4a18-95a7-9207ee5fb899,s3://dic-2024s/1e261ce5-9e33-4a18-95a7-9207ee5fb899,0.9276289,person
1e261ce5-9e33-4a18-95a7-9207ee5fb899,s3://dic-2024s/1e261ce5-9e33-4a18-95a7-9207ee5fb899,0.8658716,person
1e261ce5-9e33-4a18-95a7-9207ee5fb899,s3://dic-2024s/1e261ce5-9e33-4a18-95a7-9207ee5fb899,0.9984083,person
1e261ce5-9e33-4a18-95a7-9207ee5fb899,s3://dic-2024s/1e261ce5-9e33-4a18-95a7-9207ee5fb899,0.8738571,person
6a31bc6a-e04f-4919-bc1d-a00d35749117,s3://dic-2024s/6a31bc6a-e04f-4919-bc1d-a00d35749117,0.5115311,tie
5a248278-e197-4395-8aba-7d2f25311bb6,s3://dic-2024s/5a248278-e197-4395-8aba-7d2f25311bb6,,
6945b150-6049-4a66-9a29-3749539e4174,s3://dic-2024s/6945b150-6049-4a66-9a29-3749539e4174,,
4ff78d29-730f-46a1-a0df-ff0d0e82bf63,s3://dic-2024s/4ff78d29-730f-46a1-a0df-ff0d0e82bf63,,
6a84d2a7-6c15-4376-8507-6404cf288033,s3://dic-2024s/6a84d2a7-6c15-4376-8507-6404cf288033,0.8936342,stop sign
6a84d2a7-6c15-4376-8507-6404cf288033,s3://dic-2024s/6a84d2a7-6c15-4376-8507-6404cf288033,0.92137057,stop sign
6a84d2a7-6c15-4376-8507-6404cf288033,s3://dic-2024s/6a84d2a7-6c15-4376-8507-6404cf288033,0.69737536,car
62eb1b6a-b675-4a47-b5c4-26c79eb5366e,s3://dic-2024s/62eb1b6a-b675-4a47-b5c4-26c79eb5366e,0.56361127,fork
2e4dbac2-b324-4e93-888f-34cae9a1b0ea,s3://dic-2024s/2e4dbac2-b324-4e93-888f-34cae9a1b0ea,0.63135386,person
2e4dbac2-b324-4e93-888f-34cae9a1b0ea,s3://dic-2024s/2e4dbac2-b324-4e93-888f-34cae9a1b0ea,0.6839998,person
2e4dbac2-b324-4e93-888f-34cae9a1b0ea,s3://dic-2024s/2e4dbac2-b324-4e93-888f-34cae9a1b0ea,0.90824646,person
1e8dee08-68c8-4551-8ee7-4bf1cb67e851,s3://dic-2024s/1e8dee08-68c8-4551-8ee7-4bf1cb67e851,0.81981754,person
1e8dee08-68c8-4551-8ee7-4bf1cb67e851,s3://dic-2024s/1e8dee08-68c8-4551-8ee7-4bf1cb67e851,0.62919664,sports ball
360fcbb9-5f7b-460e-a043-ef19d3c4f960,s3://dic-2024s/360fcbb9-5f7b-460e-a043-ef19d3c4f960,,
27cb4bf5-5045-4e54-ae07-c3665eb3e0fa,s3://dic-2024s/27cb4bf5-5045-4e54-ae07-c3665eb3e0fa,0.7569429,person
27cb4bf5-5045-4e54-ae07-c3665eb3e0fa,s3://dic-2024s/27cb4bf5-5045-4e54-ae07-c3665eb3e0fa,0.56672066,person
27cb4bf5-5045-4e54-ae07-c3665eb3e0fa,s3://dic-2024s/27cb4bf5-5045-4e54-ae07-c3665eb3e0fa,0.5045345,pottedplant
18540a86-bc2a-4cae-b62a-72cb63d08d52,s3://dic-2024s/18540a86-bc2a-4cae-b62a-72cb63d08d52,0.83842903,person
aafa9fa9-0c56-4bf2-88e4-1e8575edf7c2,s3://dic-2024s/aafa9fa9-0c56-4bf2-88e4-1e8575edf7c2,,
7e94e0fa-1467-4030-a6b9-0bc22b57080b,s3://dic-2024s/7e94e0fa-1467-4030-a6b9-0bc22b57080b,,
9e863489-e194-4795-9970-ac90c2138fb6,s3://dic-2024s/9e863489-e194-4795-9970-ac90c2138fb6,0.5723805,carrot
22192ea6-b690-4077-bb65-96d618ca26eb,s3://dic-2024s/22192ea6-b690-4077-bb65-96d618ca26eb,,
4e261e33-c9aa-4b51-aa1b-f455f927537b,s3://dic-2024s/4e261e33-c9aa-4b51-aa1b-f455f927537b,0.8369681,person
171b7090-442c-4e47-833f-98c5dff90328,s3://dic-2024s/171b7090-442c-4e47-833f-98c5dff90328,0.84418863,person
171b7090-442c-4e47-833f-98c5dff90328,s3://dic-2024s/171b7090-442c-4e47-833f-98c5dff90328,0.67084,person
171b7090-442c-4e47-833f-98c5dff90328,s3://dic-2024s/171b7090-442c-4e47-833f-98c5dff90328,0.86280465,person
171b7090-442c-4e47-833f-98c5dff90328,s3://dic-2024s/171b7090-442c-4e47-833f-98c5dff90328,0.6237394,bowl
171b7090-442c-4e47-833f-98c5dff90328,s3://dic-2024s/171b7090-442c-4e47-833f-98c5dff90328,0.742229,cup
b8556974-b4fd-4ca8-8d5f-b27a612bdfa1,s3://dic-2024s/b8556974-b4fd-4ca8-8d5f-b27a612bdfa1,0.53345984,person
b8556974-b4fd-4ca8-8d5f-b27a612bdfa1,s3://dic-2024s/b8556974-b4fd-4ca8-8d5f-b27a612bdfa1,0.661548,cat
c042c4be-3740-4e7d-88a3-39f8ca368e40,s3://dic-2024s/c042c4be-3740-4e7d-88a3-39f8ca368e40,,
8ded63eb-e44e-42d4-889d-39a60ee79a95,s3://dic-2024s/8ded63eb-e44e-42d4-889d-39a60ee79a95,0.6317388,person
8ded63eb-e44e-42d4-889d-39a60ee79a95,s3://dic-2024s/8ded63eb-e44e-42d4-889d-39a60ee79a95,0.7133162,wine glass
8ded63eb-e44e-42d4-889d-39a60ee79a95,s3://dic-2024s/8ded63eb-e44e-42d4-889d-39a60ee79a95,0.5744619,wine glass
67922c8f-2b75-4a6a-92a9-c3e75eaf2c97,s3://dic-2024s/67922c8f-2b75-4a6a-92a9-c3e75eaf2c97,,
cf1e48dc-b28a-430f-bfb7-c31f410cd993,s3://dic-2024s/cf1e48dc-b28a-430f-bfb7-c31f410cd993,0.8302895,bus
900c6c84-c8fc-49ef-9dcd-3cc48c3812fe,s3://dic-2024s/900c6c84-c8fc-49ef-9dcd-3cc48c3812fe,,
3ad0a060-7ca5-449d-abd5-67913a0fece4,s3://dic-2024s/3ad0a060-7ca5-449d-abd5-67913a0fece4,0.928452,zebra
24c1b3f2-1ca2-40d4-9cc8-6245ded06de3,s3://dic-2024s/24c1b3f2-1ca2-40d4-9cc8-6245ded06de3,0.83739823,person
24c1b3f2-1ca2-40d4-9cc8-6245ded06de3,s3://dic-2024s/24c1b3f2-1ca2-40d4-9cc8-6245ded06de3,0.5805989,tennis racket
98f95433-957e-4bd5-ac87-b831460917ee,s3://dic-2024s/98f95433-957e-4bd5-ac87-b831460917ee,,
b6afc765-9b24-45b5-8b17-7eb85764c0ef,s3://dic-2024s/b6afc765-9b24-45b5-8b17-7eb85764c0ef,0.69518256,cell phone
0559a982-3c2e-4ef9-92ed-19def50dae05,s3://dic-2024s/0559a982-3c2e-4ef9-92ed-19def50dae05,,
19d451f5-5cc1-419d-97ef-6d23e2fbada6,s3://dic-2024s/19d451f5-5cc1-419d-97ef-6d23e2fbada6,0.75632447,giraffe
19d451f5-5cc1-419d-97ef-6d23e2fbada6,s3://dic-2024s/19d451f5-5cc1-419d-97ef-6d23e2fbada6,0.96778864,giraffe
19d451f5-5cc1-419d-97ef-6d23e2fbada6,s3://dic-2024s/19d451f5-5cc1-419d-97ef-6d23e2fbada6,0.62687796,giraffe
19d451f5-5cc1-419d-97ef-6d23e2fbada6,s3://dic-2024s/19d451f5-5cc1-419d-97ef-6d23e2fbada6,0.6294237,giraffe
19d451f5-5cc1-419d-97ef-6d23e2fbada6,s3://dic-2024s/19d451f5-5cc1-419d-97ef-6d23e2fbada6,0.64703166,giraffe
4496231d-ee05-4844-b4da-61523a8afc6f,s3://dic-2024s/4496231d-ee05-4844-b4da-61523a8afc6f,0.76844573,person
4496231d-ee05-4844-b4da-61523a8afc6f,s3://dic-2024s/4496231d-ee05-4844-b4da-61523a8afc6f,0.67107105,person
18ba81e7-bed6-4252-a9d2-0565d53398d0,s3://dic-2024s/18ba81e7-bed6-4252-a9d2-0565d53398d0,0.5943017,laptop
18ba81e7-bed6-4252-a9d2-0565d53398d0,s3://dic-2024s/18ba81e7-bed6-4252-a9d2-0565d53398d0,0.9521036,laptop
18ba81e7-bed6-4252-a9d2-0565d53398d0,s3://dic-2024s/18ba81e7-bed6-4252-a9d2-0565d53398d0,0.83912945,tvmonitor
18ba81e7-bed6-4252-a9d2-0565d53398d0,s3://dic-2024s/18ba81e7-bed6-4252-a9d2-0565d53398d0,0.94576323,laptop
18ba81e7-bed6-4252-a9d2-0565d53398d0,s3://dic-2024s/18ba81e7-bed6-4252-a9d2-0565d53398d0,0.89794165,laptop
18ba81e7-bed6-4252-a9d2-0565d53398d0,s3://dic-2024s/18ba81e7-bed6-4252-a9d2-0565d53398d0,0.79878616,tvmonitor
18ba81e7-bed6-4252-a9d2-0565d53398d0,s3://dic-2024s/18ba81e7-bed6-4252-a9d2-0565d53398d0,0.73823565,keyboard
18ba81e7-bed6-4252-a9d2-0565d53398d0,s3://dic-2024s/18ba81e7-bed6-4252-a9d2-0565d53398d0,0.7134349,mouse
460cacf3-fa9c-48d9-88d0-58ddde7c27dc,s3://dic-2024s/460cacf3-fa9c-48d9-88d0-58ddde7c27dc,0.83203346,motorbike
2add4508-3389-4193-9d56-3274a7a57cdf,s3://dic-2024s/2add4508-3389-4193-9d56-3274a7a57cdf,,
e5c7a9d9-4a4e-45ad-adf5-44704167116b,s3://dic-2024s/e5c7a9d9-4a4e-45ad-adf5-44704167116b,,
5536cf5a-7332-47e8-a8b4-1497ad404f16,s3://dic-2024s/5536cf5a-7332-47e8-a8b4-1497ad404f16,0.5262921,bottle
5536cf5a-7332-47e8-a8b4-1497ad404f16,s3://dic-2024s/5536cf5a-7332-47e8-a8b4-1497ad404f16,0.8457478,wine glass
5536cf5a-7332-47e8-a8b4-1497ad404f16,s3://dic-2024s/5536cf5a-7332-47e8-a8b4-1497ad404f16,0.62665856,pizza
128c40ad-c82a-4538-8295-cb14943a2300,s3://dic-2024s/128c40ad-c82a-4538-8295-cb14943a2300,0.8473095,zebra
128c40ad-c82a-4538-8295-cb14943a2300,s3://dic-2024s/128c40ad-c82a-4538-8295-cb14943a2300,0.5743927,zebra
128c40ad-c82a-4538-8295-cb14943a2300,s3://dic-2024s/128c40ad-c82a-4538-8295-cb14943a2300,0.9195103,zebra
4ebeff2f-f1fa-4186-ab4d-e6096a238dbc,s3://dic-2024s/4ebeff2f-f1fa-4186-ab4d-e6096a238dbc,,
327f0220-f9e0-4388-915e-d2f3ebc8f5a8,s3://dic-2024s/327f0220-f9e0-4388-915e-d2f3ebc8f5a8,0.50244075,motorbike
ef40447f-7978-40b4-b950-c22c221f0e38,s3://dic-2024s/ef40447f-7978-40b4-b950-c22c221f0e38,0.68368304,person
62033e44-0330-4723-b862-e014c24da2dd,s3://dic-2024s/62033e44-0330-4723-b862-e014c24da2dd,0.54370534,chair
9331e568-f78a-4c26-b732-b6e9d67c004b,s3://dic-2024s/9331e568-f78a-4c26-b732-b6e9d67c004b,0.70513964,person
9331e568-f78a-4c26-b732-b6e9d67c004b,s3://dic-2024s/9331e568-f78a-4c26-b732-b6e9d67c004b,0.59974784,person
9331e568-f78a-4c26-b732-b6e9d67c004b,s3://dic-2024s/9331e568-f78a-4c26-b732-b6e9d67c004b,0.7664193,person
9331e568-f78a-4c26-b732-b6e9d67c004b,s3://dic-2024s/9331e568-f78a-4c26-b732-b6e9d67c004b,0.86632496,person
9331e568-f78a-4c26-b732-b6e9d67c004b,s3://dic-2024s/9331e568-f78a-4c26-b732-b6e9d67c004b,0.9088474,person
9331e568-f78a-4c26-b732-b6e9d67c004b,s3://dic-2024s/9331e568-f78a-4c26-b732-b6e9d67c004b,0.6813043,person
9331e568-f78a-4c26-b732-b6e9d67c004b,s3://dic-2024s/9331e568-f78a-4c26-b732-b6e9d67c004b,0.8030131,person
9331e568-f78a-4c26-b732-b6e9d67c004b,s3://dic-2024s/9331e568-f78a-4c26-b732-b6e9d67c004b,0.57741624,person
9331e568-f78a-4c26-b732-b6e9d67c004b,s3://dic-2024s/9331e568-f78a-4c26-b732-b6e9d67c004b,0.5420879,person
9331e568-f78a-4c26-b732-b6e9d67c004b,s3://dic-2024s/9331e568-f78a-4c26-b732-b6e9d67c004b,0.74256796,person
1f95e03e-9ede-4631-b426-177c215b2c5e,s3://dic-2024s/1f95e03e-9ede-4631-b426-177c215b2c5e,0.972595,toilet
80aa1fef-3897-44b6-83e1-86fae373196c,s3://dic-2024s/80aa1fef-3897-44b6-83e1-86fae373196c,0.6498695,traffic light
9a06cfc8-753e-40d0-ae63-e98721e9d5d9,s3://dic-2024s/9a06cfc8-753e-40d0-ae63-e98721e9d5d9,0.6586999,person
9a06cfc8-753e-40d0-ae63-e98721e9d5d9,s3://dic-2024s/9a06cfc8-753e-40d0-ae63-e98721e9d5d9,0.9592578,person
9a06cfc8-753e-40d0-ae63-e98721e9d5d9,s3://dic-2024s/9a06cfc8-753e-40d0-ae63-e98721e9d5d9,0.62055224,skateboard
b2edbd6a-3e21-4674-a1e1-db8d0de0470e,s3://dic-2024s/b2edbd6a-3e21-4674-a1e1-db8d0de0470e,0.57561,person
b2edbd6a-3e21-4674-a1e1-db8d0de0470e,s3://dic-2024s/b2edbd6a-3e21-4674-a1e1-db8d0de0470e,0.8562844,person
b2edbd6a-3e21-4674-a1e1-db8d0de0470e,s3://dic-2024s/b2edbd6a-3e21-4674-a1e1-db8d0de0470e,0.50781786,person
b2edbd6a-3e21-4674-a1e1-db8d0de0470e,s3://dic-2024s/b2edbd6a-3e21-4674-a1e1-db8d0de0470e,0.529337,person
b2edbd6a-3e21-4674-a1e1-db8d0de0470e,s3://dic-2024s/b2edbd6a-3e21-4674-a1e1-db8d0de0470e,0.75358164,person
b2edbd6a-3e21-4674-a1e1-db8d0de0470e,s3://dic-2024s/b2edbd6a-3e21-4674-a1e1-db8d0de0470e,0.695344,person
d70e40da-952b-4884-9a8a-f5e9ddb523f7,s3://dic-2024s/d70e40da-952b-4884-9a8a-f5e9ddb523f7,,
c673a75b-8ae4-402b-856d-1ddc8937a066,s3://dic-2024s/c673a75b-8ae4-402b-856d-1ddc8937a066,,
aed57c1e-f733-4256-a8a7-aa5a84ebd3da,s3://dic-2024s/aed57c1e-f733-4256-a8a7-aa5a84ebd3da,,
d03ed164-a8e7-43f4-b3dd-69aaab988483,s3://dic-2024s/d03ed164-a8e7-43f4-b3dd-69aaab988483,0.6395581,cow
e5a43426-81cf-472d-ae68-f1da2fd0d3f6,s3://dic-2024s/e5a43426-81cf-472d-ae68-f1da2fd0d3f6,0.71092606,person
e5a43426-81cf-472d-ae68-f1da2fd0d3f6,s3://dic-2024s/e5a43426-81cf-472d-ae68-f1da2fd0d3f6,0.578137,person
e5a43426-81cf-472d-ae68-f1da2fd0d3f6,s3://dic-2024s/e5a43426-81cf-472d-ae68-f1da2fd0d3f6,0.80861497,person
e5a43426-81cf-472d-ae68-f1da2fd0d3f6,s3://dic-2024s/e5a43426-81cf-472d-ae68-f1da2fd0d3f6,0.6294313,person
71763607-ff26-4a2c-a8e4-0916bebfe301,s3://dic-2024s/71763607-ff26-4a2c-a8e4-0916bebfe301,0.8320178,clock
1e205499-4591-44a6-8531-fb1ef4d9a705,s3://dic-2024s/1e205499-4591-44a6-8531-fb1ef4d9a705,0.95139086,tvmonitor
1e205499-4591-44a6-8531-fb1ef4d9a705,s3://dic-2024s/1e205499-4591-44a6-8531-fb1ef4d9a705,0.6008953,person
1e205499-4591-44a6-8531-fb1ef4d9a705,s3://dic-2024s/1e205499-4591-44a6-8531-fb1ef4d9a705,0.8826244,tvmonitor
1e205499-4591-44a6-8531-fb1ef4d9a705,s3://dic-2024s/1e205499-4591-44a6-8531-fb1ef4d9a705,0.64059746,tvmonitor
0e16ebe5-d53c-4e55-b709-ec34991f2bde,s3://dic-2024s/0e16ebe5-d53c-4e55-b709-ec34991f2bde,,
278ea9f3-4e99-41db-9f06-be31ed03b20f,s3://dic-2024s/278ea9f3-4e99-41db-9f06-be31ed03b20f,0.51096,cat
03c48679-c6b5-4761-b6fc-6146aac2569d,s3://dic-2024s/03c48679-c6b5-4761-b6fc-6146aac2569d,0.73473465,giraffe
195e634d-7934-40a0-af63-dc53bfd4d87a,s3://dic-2024s/195e634d-7934-40a0-af63-dc53bfd4d87a,0.8530288,person
195e634d-7934-40a0-af63-dc53bfd4d87a,s3://dic-2024s/195e634d-7934-40a0-af63-dc53bfd4d87a,0.8133155,person
195e634d-7934-40a0-af63-dc53bfd4d87a,s3://dic-2024s/195e634d-7934-40a0-af63-dc53bfd4d87a,0.7321023,sports ball
d4c9b750-7b16-4cb2-b007-56edc8df7c0f,s3://dic-2024s/d4c9b750-7b16-4cb2-b007-56edc8df7c0f,0.5669799,car
d4c9b750-7b16-4cb2-b007-56edc8df7c0f,s3://dic-2024s/d4c9b750-7b16-4cb2-b007-56edc8df7c0f,0.6390714,car
4efabf9b-9697-455e-a988-47eb724c996e,s3://dic-2024s/4efabf9b-9697-455e-a988-47eb724c996e,0.7103786,person
34852048-b0c4-4de4-a430-057b4206158a,s3://dic-2024s/34852048-b0c4-4de4-a430-057b4206158a,,
bf0568c6-c906-43af-a041-ff8bf0942ad9,s3://dic-2024s/bf0568c6-c906-43af-a041-ff8bf0942ad9,0.5882788,frisbee
5918ae89-8242-499b-a86c-db9d50e91da9,s3://dic-2024s/5918ae89-8242-499b-a86c-db9d50e91da9,0.84118044,person
5918ae89-8242-499b-a86c-db9d50e91da9,s3://dic-2024s/5918ae89-8242-499b-a86c-db9d50e91da9,0.7647944,tennis racket
5918ae89-8242-499b-a86c-db9d50e91da9,s3://dic-2024s/5918ae89-8242-499b-a86c-db9d50e91da9,0.8698837,person
5918ae89-8242-499b-a86c-db9d50e91da9,s3://dic-2024s/5918ae89-8242-499b-a86c-db9d50e91da9,0.528029,tennis racket
5918ae89-8242-499b-a86c-db9d50e91da9,s3://dic-2024s/5918ae89-8242-499b-a86c-db9d50e91da9,0.64633924,tennis racket
620cf7f6-c162-4df0-956a-d0864d72d2a2,s3://dic-2024s/620cf7f6-c162-4df0-956a-d0864d72d2a2,0.60664994,parking meter
fbb912be-be92-47a1-97bb-c4695d4ebb93,s3://dic-2024s/fbb912be-be92-47a1-97bb-c4695d4ebb93,0.5387197,person
fbb912be-be92-47a1-97bb-c4695d4ebb93,s3://dic-2024s/fbb912be-be92-47a1-97bb-c4695d4ebb93,0.63735276,person
fbb912be-be92-47a1-97bb-c4695d4ebb93,s3://dic-2024s/fbb912be-be92-47a1-97bb-c4695d4ebb93,0.9345763,person
fbb912be-be92-47a1-97bb-c4695d4ebb93,s3://dic-2024s/fbb912be-be92-47a1-97bb-c4695d4ebb93,0.93845904,person
fbb912be-be92-47a1-97bb-c4695d4ebb93,s3://dic-2024s/fbb912be-be92-47a1-97bb-c4695d4ebb93,0.6467781,person
fbb912be-be92-47a1-97bb-c4695d4ebb93,s3://dic-2024s/fbb912be-be92-47a1-97bb-c4695d4ebb93,0.76494193,person
fbb912be-be92-47a1-97bb-c4695d4ebb93,s3://dic-2024s/fbb912be-be92-47a1-97bb-c4695d4ebb93,0.91776216,person
23e2e259-b907-4627-8d27-1aeba0a26c4b,s3://dic-2024s/23e2e259-b907-4627-8d27-1aeba0a26c4b,,
53d60f03-845d-473c-8617-8131e3cdf6c0,s3://dic-2024s/53d60f03-845d-473c-8617-8131e3cdf6c0,,
f94dbc5d-85a4-44ca-b277-cf21a8dcfa1d,s3://dic-2024s/f94dbc5d-85a4-44ca-b277-cf21a8dcfa1d,0.9197227,train
fda2fb68-85ad-47ea-b5d6-377ef23fa076,s3://dic-2024s/fda2fb68-85ad-47ea-b5d6-377ef23fa076,0.6291377,aeroplane
9f4caa9a-b123-4151-a046-885e0574a572,s3://dic-2024s/9f4caa9a-b123-4151-a046-885e0574a572,0.57549745,bird
de916cbd-26f6-4a5a-af07-92d2d981ca8c,s3://dic-2024s/de916cbd-26f6-4a5a-af07-92d2d981ca8c,0.67010534,boat
a2c516e1-f4da-41dd-be95-9e09f0521b68,s3://dic-2024s/a2c516e1-f4da-41dd-be95-9e09f0521b68,0.72713935,person
a2c516e1-f4da-41dd-be95-9e09f0521b68,s3://dic-2024s/a2c516e1-f4da-41dd-be95-9e09f0521b68,0.5097713,person
8f3165c4-8810-4638-8442-611813947b72,s3://dic-2024s/8f3165c4-8810-4638-8442-611813947b72,,
55693f4b-45ad-49dc-b321-926491fe7748,s3://dic-2024s/55693f4b-45ad-49dc-b321-926491fe7748,0.9235486,hot dog
7ee98cc7-fdb6-49ef-a1cd-b8606b30a6d5,s3://dic-2024s/7ee98cc7-fdb6-49ef-a1cd-b8606b30a6d5,,
ebfcc177-6ffb-40e3-8f75-994efe460303,s3://dic-2024s/ebfcc177-6ffb-40e3-8f75-994efe460303,0.90445364,tennis racket
ebfcc177-6ffb-40e3-8f75-994efe460303,s3://dic-2024s/ebfcc177-6ffb-40e3-8f75-994efe460303,0.68012327,person
ebfcc177-6ffb-40e3-8f75-994efe460303,s3://dic-2024s/ebfcc177-6ffb-40e3-8f75-994efe460303,0.6186282,person
ebfcc177-6ffb-40e3-8f75-994efe460303,s3://dic-2024s/ebfcc177-6ffb-40e3-8f75-994efe460303,0.7885273,person
ebfcc177-6ffb-40e3-8f75-994efe460303,s3://dic-2024s/ebfcc177-6ffb-40e3-8f75-994efe460303,0.95451,tennis racket
5583e59b-6649-4585-babb-fce5e2a2c20e,s3://dic-2024s/5583e59b-6649-4585-babb-fce5e2a2c20e,,
56670eab-01a4-43a6-86ed-b7a8161cc963,s3://dic-2024s/56670eab-01a4-43a6-86ed-b7a8161cc963,,
38b3bdac-3ab6-400f-9759-21c9abfe25f6,s3://dic-2024s/38b3bdac-3ab6-400f-9759-21c9abfe25f6,0.72647965,person
38b3bdac-3ab6-400f-9759-21c9abfe25f6,s3://dic-2024s/38b3bdac-3ab6-400f-9759-21c9abfe25f6,0.55355513,person
e5eef9de-efc3-45d4-b82d-ac68513549d6,s3://dic-2024s/e5eef9de-efc3-45d4-b82d-ac68513549d6,0.81984204,chair
e5eef9de-efc3-45d4-b82d-ac68513549d6,s3://dic-2024s/e5eef9de-efc3-45d4-b82d-ac68513549d6,0.8307251,chair
e5eef9de-efc3-45d4-b82d-ac68513549d6,s3://dic-2024s/e5eef9de-efc3-45d4-b82d-ac68513549d6,0.5170284,chair
e5eef9de-efc3-45d4-b82d-ac68513549d6,s3://dic-2024s/e5eef9de-efc3-45d4-b82d-ac68513549d6,0.61792004,chair
e5eef9de-efc3-45d4-b82d-ac68513549d6,s3://dic-2024s/e5eef9de-efc3-45d4-b82d-ac68513549d6,0.8325951,chair
bd386acb-a020-4dbc-93b0-a1aba1d20c4e,s3://dic-2024s/bd386acb-a020-4dbc-93b0-a1aba1d20c4e,0.71975195,chair
bd386acb-a020-4dbc-93b0-a1aba1d20c4e,s3://dic-2024s/bd386acb-a020-4dbc-93b0-a1aba1d20c4e,0.55541396,toilet
bd386acb-a020-4dbc-93b0-a1aba1d20c4e,s3://dic-2024s/bd386acb-a020-4dbc-93b0-a1aba1d20c4e,0.63725066,chair
98a1e528-9d3a-4426-83fe-3dfcce496390,s3://dic-2024s/98a1e528-9d3a-4426-83fe-3dfcce496390,0.6387632,backpack
98a1e528-9d3a-4426-83fe-3dfcce496390,s3://dic-2024s/98a1e528-9d3a-4426-83fe-3dfcce496390,0.5220976,person
3ce41b7b-da09-4d29-954e-f14030913738,s3://dic-2024s/3ce41b7b-da09-4d29-954e-f14030913738,,
47d3d5b2-ce97-41b8-b30f-79e111e3592a,s3://dic-2024s/47d3d5b2-ce97-41b8-b30f-79e111e3592a,,
62b357a4-a1d5-47cd-803b-6ded5d004e9a,s3://dic-2024s/62b357a4-a1d5-47cd-803b-6ded5d004e9a,,
5aead902-3af0-4f7f-8395-2cf42d0f64ab,s3://dic-2024s/5aead902-3af0-4f7f-8395-2cf42d0f64ab,0.73178184,person
5aead902-3af0-4f7f-8395-2cf42d0f64ab,s3://dic-2024s/5aead902-3af0-4f7f-8395-2cf42d0f64ab,0.86806554,person
5aead902-3af0-4f7f-8395-2cf42d0f64ab,s3://dic-2024s/5aead902-3af0-4f7f-8395-2cf42d0f64ab,0.6587933,person
15f733bd-cc3c-42b1-831a-2b4bfd24a164,s3://dic-2024s/15f733bd-cc3c-42b1-831a-2b4bfd24a164,,
09d7b409-296b-4a97-8dfd-dc8e7c31cb3b,s3://dic-2024s/09d7b409-296b-4a97-8dfd-dc8e7c31cb3b,0.97810066,clock
09d7b409-296b-4a97-8dfd-dc8e7c31cb3b,s3://dic-2024s/09d7b409-296b-4a97-8dfd-dc8e7c31cb3b,0.9281172,clock
09d7b409-296b-4a97-8dfd-dc8e7c31cb3b,s3://dic-2024s/09d7b409-296b-4a97-8dfd-dc8e7c31cb3b,0.87707573,clock
94dcab1a-f38a-4b9a-a1b3-2ae0778de0e1,s3://dic-2024s/94dcab1a-f38a-4b9a-a1b3-2ae0778de0e1,0.56775874,person
94dcab1a-f38a-4b9a-a1b3-2ae0778de0e1,s3://dic-2024s/94dcab1a-f38a-4b9a-a1b3-2ae0778de0e1,0.51605415,tie
ef3d1a30-8b02-42bf-ad7a-1199a6c30c9e,s3://dic-2024s/ef3d1a30-8b02-42bf-ad7a-1199a6c30c9e,0.93194276,cat
